x,y,additional_three,additional_two,additional_one,duration_m,parallel_processes
200,200,0.0,0.0,0.0,3373,1
150,300,0.0,0.0,0.0,3390,1
150,300,0.0,0.0,0.0,3972,1
152,350,0.0,0.0,0.0,4023,1
152,350,0.0,0.0,0.0,2947,1
163,115,0.0,0.0,0.0,1007,1
163,115,0.0,0.0,0.0,935,1
129,289,0.0,0.0,0.0,2020,1
129,289,0.0,0.0,0.0,2256,1
129,289,0.0,0.0,0.0,1946,1
260,151,0.0,0.0,0.0,2203,1
260,151,0.0,0.0,0.0,2237,1
260,151,0.0,0.0,0.0,2016,1
260,151,0.0,0.0,0.0,1961,1
260,151,0.0,0.0,0.0,1771,1
284,115,0.0,0.0,0.0,2177,1
284,115,0.0,0.0,0.0,2016,1
284,115,0.0,0.0,0.0,1933,1
284,115,0.0,0.0,0.0,1898,1
284,115,0.0,0.0,0.0,1777,1
284,115,0.0,0.0,0.0,1689,1
284,115,0.0,0.0,0.0,2106,1
284,115,0.0,0.0,0.0,1551,1
284,115,0.0,0.0,0.0,1516,1
284,115,0.0,0.0,0.0,1900,1
258,241,0.0,0.0,0.0,3791,1
258,241,0.0,0.0,0.0,3090,1
258,241,0.0,0.0,0.0,3393,1
258,241,0.0,0.0,0.0,3224,1
258,241,0.0,0.0,0.0,3432,1
258,241,0.0,0.0,0.0,3226,1
258,241,0.0,0.0,0.0,3902,1
258,241,0.0,0.0,0.0,3307,1
258,241,0.0,0.0,0.0,3297,1
258,241,0.0,0.0,0.0,3073,1
77,305,0.0,0.0,0.0,1243,1
77,305,0.0,0.0,0.0,1408,1
77,305,0.0,0.0,0.0,1316,1
77,305,0.0,0.0,0.0,1268,1
77,305,0.0,0.0,0.0,1331,1
77,305,0.0,0.0,0.0,1246,1
77,305,0.0,0.0,0.0,1332,1
77,305,0.0,0.0,0.0,1495,1
77,305,0.0,0.0,0.0,1512,1
77,305,0.0,0.0,0.0,1520,1
143,111,0.0,0.0,0.0,804,1
314,82,0.0,0.0,0.0,1722,1
302,70,0.0,0.0,0.0,1200,1
142,223,0.0,0.0,0.0,1751,1
236,50,0.0,0.0,0.0,582,1
140,133,0.0,0.0,0.0,1080,1
106,254,0.0,0.0,0.0,1435,1
252,292,0.0,0.0,0.0,3676,1
197,127,0.0,0.0,0.0,1539,1
211,288,0.0,0.0,0.0,3505,1
230,134,0.0,0.0,0.0,1841,1
108,327,0.0,0.0,0.0,2050,1
190,212,0.0,0.0,0.0,1915,1
257,83,0.0,0.0,0.0,1202,1
87,79,0.0,0.0,0.0,346,1
261,224,0.0,0.0,0.0,3228,1
136,284,0.0,0.0,0.0,1699,1
153,314,0.0,0.0,0.0,3077,1
266,142,0.0,0.0,0.0,2293,1
97,153,0.0,0.0,0.0,696,1
250,160,0.0,0.0,0.0,2329,1
96,302,1.0,0.0,0.0,13070,1
347,68,0.0,0.0,0.0,1289,1
333,212,0.0,0.0,0.0,3729,1
107,69,0.0,0.0,0.0,513,1
232,282,0.0,0.0,0.0,13057,5
250,235,0.0,0.0,0.0,18296,5
75,248,0.0,0.0,0.0,3025,4
111,53,0.0,0.0,0.0,1158,4
338,347,0.0,0.0,1.0,33935,4
91,125,0.0,0.0,0.0,2743,8
266,267,0.0,0.0,0.0,21510,6
137,154,0.0,0.0,0.0,8713,7
153,86,0.0,0.0,0.0,5523,8
113,305,0.0,0.0,1.0,24361,8
99,198,0.0,0.0,0.0,1134,1
167,125,0.0,0.0,0.0,1179,2
109,173,0.0,0.0,0.0,1005,2
94,271,1.0,0.0,0.0,13459,2
69,209,0.0,0.0,0.0,1631,2
326,240,0.0,0.0,0.0,16832,5
311,114,0.0,0.0,1.0,22745,4
156,178,0.0,0.0,0.0,4701,6
146,282,1.0,0.0,0.0,39242,4
151,314,0.0,0.0,1.0,26920,5
154,196,0.0,0.0,0.0,10406,7
226,171,0.0,0.0,0.0,16152,6
98,333,0.0,0.0,0.0,3261,8
235,137,0.0,0.0,0.0,10599,8
180,121,0.0,1.0,0.0,38320,5
230,256,0.0,1.0,0.0,58188,6
317,133,0.0,0.0,0.0,18396,6
117,212,0.0,0.0,0.0,7709,10
314,50,0.0,1.0,0.0,32243,8
155,264,0.0,0.0,0.0,14582,8
205,143,0.0,0.0,0.0,12314,8
77,112,0.0,0.0,0.0,4709,9
275,275,0.0,0.0,0.0,11611,4
122,70,0.0,0.0,0.0,2956,4
77,68,0.0,0.0,0.0,2547,5
324,79,0.0,0.0,1.0,17997,3
111,180,0.0,0.0,0.0,6630,4
184,303,0.0,0.0,0.0,14310,4
161,310,0.0,0.0,0.0,4403,6
307,310,1.0,0.0,0.0,81994,2
181,340,1.0,0.0,0.0,66627,3
330,324,0.0,0.0,0.0,32748,5
90,259,0.0,0.0,0.0,7037,9
218,77,0.0,0.0,1.0,14433,9
245,123,0.0,0.0,0.0,12470,8
232,273,0.0,0.0,0.0,20216,8
72,91,0.0,0.0,0.0,3275,9
258,324,0.0,0.0,1.0,44091,9
335,263,0.0,0.0,0.0,4747,1
346,342,0.0,1.0,0.0,17407,1
226,56,0.0,0.0,0.0,1491,2
300,51,1.0,0.0,0.0,16035,1
187,155,0.0,0.0,0.0,3129,3
141,186,0.0,0.0,0.0,4276,3
252,102,0.0,0.0,1.0,5690,3
67,317,0.0,0.0,0.0,6468,6
104,241,0.0,0.0,0.0,5640,6
209,283,0.0,0.0,0.0,8895,5
319,139,0.0,0.0,0.0,11207,5
328,317,0.0,0.0,0.0,15460,5
246,69,0.0,0.0,0.0,818,1
204,235,0.0,1.0,0.0,33496,2
248,321,0.0,0.0,0.0,15214,4
213,313,1.0,0.0,0.0,43685,3
332,138,0.0,0.0,1.0,23868,4
268,53,0.0,0.0,0.0,3417,5
76,214,0.0,0.0,0.0,1636,2
152,111,1.0,0.0,0.0,15191,3
102,53,0.0,0.0,0.0,520,2
98,143,1.0,0.0,0.0,18867,2
173,300,1.0,0.0,0.0,58810,1
143,260,0.0,0.0,0.0,7723,7
93,212,0.0,1.0,0.0,34523,4
344,246,0.0,0.0,0.0,26853,6
110,282,0.0,0.0,1.0,25011,6
202,214,0.0,0.0,0.0,10023,7
208,120,1.0,0.0,0.0,43935,7
83,64,0.0,1.0,0.0,14633,6
243,285,0.0,0.0,1.0,36051,4
303,252,0.0,0.0,1.0,36612,4
53,300,0.0,0.0,0.0,3095,5
214,178,0.0,0.0,0.0,12577,7
349,305,0.0,0.0,0.0,36981,5
244,225,0.0,0.0,0.0,17319,6
273,206,0.0,1.0,0.0,78094,3
168,257,0.0,0.0,0.0,22655,14
88,255,0.0,0.0,0.0,8962,17
270,116,0.0,0.0,0.0,18719,16
232,287,0.0,0.0,0.0,42679,11
259,241,0.0,0.0,1.0,66670,8
88,218,1.0,0.0,0.0,97750,7
223,220,0.0,0.0,0.0,41783,11
57,224,0.0,0.0,0.0,5828,18
246,186,0.0,0.0,0.0,28964,14
282,279,0.0,0.0,0.0,41444,13
131,214,0.0,0.0,0.0,24417,15
152,174,0.0,0.0,0.0,19172,16
151,169,0.0,0.0,0.0,18677,17
184,104,1.0,0.0,0.0,92760,15
281,169,0.0,0.0,0.0,34835,17
309,310,0.0,0.0,0.0,50493,17
180,59,0.0,0.0,0.0,8680,18
86,198,0.0,0.0,0.0,919,1
74,345,0.0,0.0,1.0,9412,2
135,50,0.0,0.0,0.0,779,2
95,181,0.0,0.0,0.0,1991,3
105,336,0.0,0.0,0.0,4188,3
68,137,0.0,0.0,0.0,392,1
305,193,0.0,0.0,0.0,10153,1
165,207,0.0,0.0,0.0,4820,4
160,167,0.0,0.0,0.0,8457,3
261,85,0.0,0.0,0.0,8236,4
145,97,0.0,0.0,0.0,1519,3
349,254,0.0,0.0,0.0,16790,6
224,198,0.0,0.0,1.0,21592,6
73,264,0.0,0.0,0.0,5796,6
159,148,0.0,1.0,0.0,33128,6
148,178,1.0,0.0,0.0,47544,5
281,188,0.0,1.0,0.0,38523,6
190,85,0.0,0.0,0.0,1712,3
161,111,0.0,0.0,0.0,3026,4
294,247,0.0,0.0,0.0,15635,5
320,63,1.0,0.0,0.0,24997,3
93,294,0.0,0.0,1.0,14395,3
344,220,0.0,0.0,0.0,15064,6
319,329,0.0,0.0,0.0,21201,4
146,244,0.0,0.0,0.0,13001,7
259,290,0.0,0.0,0.0,23781,5
201,126,1.0,0.0,0.0,31382,5
99,193,0.0,0.0,0.0,12758,7
76,211,0.0,0.0,0.0,14909,7
295,297,0.0,0.0,0.0,6056,2
212,161,0.0,0.0,0.0,5453,2
338,183,0.0,0.0,0.0,4735,6
274,225,0.0,0.0,0.0,26517,4
270,255,0.0,0.0,0.0,24189,5
113,291,0.0,0.0,0.0,5971,8
120,248,0.0,0.0,0.0,8401,8
158,292,1.0,0.0,0.0,38318,6
281,174,0.0,0.0,0.0,23535,6
189,288,0.0,0.0,0.0,18848,7
57,265,0.0,0.0,0.0,1592,3
236,339,0.0,0.0,1.0,37903,5
171,280,0.0,0.0,0.0,10300,8
230,292,0.0,0.0,0.0,16668,6
278,270,0.0,0.0,1.0,40265,5
280,147,0.0,0.0,1.0,38226,6
148,247,1.0,0.0,0.0,50713,6
145,168,0.0,0.0,0.0,10047,7
95,238,0.0,0.0,0.0,1168,1
322,225,0.0,0.0,0.0,22797,5
181,80,0.0,1.0,0.0,33653,5
279,252,1.0,0.0,0.0,69159,3
114,283,0.0,0.0,0.0,6633,10
150,287,0.0,1.0,0.0,59334,5
174,108,0.0,0.0,0.0,8398,9
100,147,1.0,0.0,0.0,58596,7
206,151,0.0,0.0,0.0,15821,8
80,255,0.0,0.0,0.0,9829,9
222,54,0.0,0.0,0.0,5907,10
164,194,0.0,0.0,0.0,1972,2
324,329,0.0,0.0,0.0,11581,2
270,143,0.0,0.0,0.0,6476,3
247,67,0.0,0.0,0.0,2414,4
191,57,0.0,0.0,0.0,4510,4
176,279,0.0,0.0,0.0,5894,6
279,301,0.0,1.0,0.0,29598,3
268,57,0.0,0.0,0.0,3757,6
83,304,0.0,0.0,0.0,8289,6
188,175,0.0,0.0,0.0,7629,6
335,269,1.0,0.0,0.0,39546,6
171,279,0.0,0.0,0.0,2471,1
338,177,0.0,0.0,0.0,5448,2
168,246,0.0,0.0,0.0,6760,3
265,335,0.0,0.0,0.0,8864,2
127,231,0.0,0.0,0.0,3789,2
245,208,0.0,0.0,0.0,4310,4
231,128,0.0,1.0,0.0,36064,5
143,89,0.0,0.0,0.0,3385,4
324,187,0.0,0.0,0.0,11696,10
150,304,0.0,0.0,0.0,11671,7
60,235,0.0,0.0,0.0,8508,8
125,244,0.0,0.0,0.0,12430,8
340,242,0.0,0.0,1.0,49448,13
238,216,1.0,0.0,0.0,79740,9
281,301,0.0,0.0,1.0,47340,12
66,324,0.0,0.0,0.0,10429,8
169,72,0.0,0.0,0.0,6442,8
282,345,1.0,0.0,0.0,63772,6
246,336,0.0,1.0,0.0,48311,7
310,140,0.0,0.0,0.0,9628,8
317,104,0.0,0.0,0.0,2013,2
61,186,0.0,0.0,0.0,1707,4
345,76,0.0,0.0,0.0,4033,5
64,292,0.0,0.0,0.0,4155,6
77,222,0.0,1.0,0.0,29232,4
103,190,0.0,0.0,0.0,5471,8
328,286,0.0,0.0,0.0,21534,5
263,145,0.0,0.0,0.0,9439,6
230,218,0.0,1.0,0.0,33629,5
166,334,0.0,0.0,0.0,15189,6
57,169,1.0,0.0,0.0,42163,4
192,314,0.0,0.0,0.0,13996,9
173,263,0.0,0.0,0.0,10021,8
133,323,0.0,0.0,0.0,17068,10
226,88,1.0,0.0,0.0,64062,5
160,276,0.0,0.0,0.0,19598,9
94,113,1.0,0.0,0.0,56021,7
86,301,0.0,0.0,0.0,15898,10
65,327,0.0,1.0,0.0,47549,8
343,104,0.0,0.0,0.0,19356,9
303,198,0.0,0.0,0.0,3308,1
150,79,0.0,0.0,0.0,736,1
303,198,0.0,0.0,0.0,3726,2
150,79,0.0,0.0,0.0,1451,2
314,72,0.0,0.0,0.0,1284,1
135,146,0.0,0.0,0.0,1146,1
335,283,0.0,0.0,0.0,7257,3
303,198,0.0,0.0,0.0,12816,5
156,260,1.0,0.0,0.0,49182,7
314,72,0.0,0.0,0.0,8252,5
150,79,0.0,0.0,0.0,5210,6
135,146,0.0,0.0,0.0,5596,6
272,283,0.0,0.0,0.0,10802,8
335,283,0.0,0.0,0.0,43806,7
314,72,0.0,0.0,0.0,4637,5
170,336,1.0,0.0,0.0,102691,8
272,283,0.0,0.0,0.0,41919,6
135,146,0.0,0.0,0.0,16965,8
62,338,0.0,0.0,0.0,15618,9
303,198,0.0,0.0,0.0,25184,9
150,79,0.0,0.0,0.0,10926,9
261,74,0.0,0.0,0.0,11956,9
265,254,0.0,0.0,0.0,19095,6
229,299,0.0,0.0,0.0,21877,7
252,322,0.0,0.0,0.0,12284,5
265,254,0.0,0.0,0.0,17085,5
301,339,0.0,1.0,0.0,73731,8
229,299,0.0,0.0,0.0,18214,5
265,254,0.0,0.0,0.0,27817,6
289,266,0.0,0.0,0.0,28975,4
252,322,0.0,0.0,0.0,27887,5
265,254,0.0,0.0,0.0,19122,4
270,255,0.0,0.0,0.0,18504,5
289,266,0.0,0.0,0.0,19407,8
252,322,0.0,0.0,0.0,24863,7
67,329,0.0,0.0,0.0,7183,5
301,339,0.0,1.0,0.0,80079,6
229,299,0.0,0.0,0.0,15245,7
252,322,0.0,0.0,0.0,23003,5
270,255,0.0,0.0,0.0,15370,7
289,266,0.0,0.0,0.0,24871,5
265,254,0.0,0.0,0.0,23941,5
69,207,0.0,0.0,0.0,7466,6
289,266,0.0,0.0,0.0,30414,5
257,187,0.0,0.0,0.0,18954,7
252,322,0.0,0.0,0.0,31763,6
265,254,0.0,0.0,0.0,34200,9
270,255,0.0,0.0,0.0,30648,10
69,207,0.0,0.0,0.0,8432,7
67,329,0.0,0.0,0.0,10640,6
326,115,0.0,0.0,1.0,21720,5
301,339,0.0,1.0,0.0,33416,5
229,299,0.0,0.0,0.0,17754,6
67,329,0.0,0.0,0.0,2654,2
301,339,0.0,1.0,0.0,37629,2
326,115,0.0,0.0,1.0,14100,3
155,219,0.0,0.0,0.0,5915,3
229,299,0.0,0.0,0.0,23586,3
155,219,0.0,0.0,0.0,3293,4
326,115,0.0,0.0,1.0,16867,4
301,339,0.0,1.0,0.0,32073,3
171,268,0.0,0.0,0.0,9845,5
67,329,0.0,0.0,0.0,7253,5
229,299,0.0,0.0,0.0,11484,5
301,339,0.0,1.0,0.0,37149,1
67,329,0.0,0.0,0.0,3287,3
229,299,0.0,0.0,0.0,14236,6
326,115,0.0,0.0,1.0,22765,3
155,219,0.0,0.0,0.0,9194,6
275,117,0.0,0.0,0.0,12330,6
171,268,0.0,0.0,0.0,14954,6
296,324,0.0,1.0,0.0,50121,2
229,299,0.0,0.0,0.0,15099,7
155,219,0.0,0.0,0.0,8886,7
326,115,0.0,0.0,1.0,28523,5
301,339,0.0,1.0,0.0,55843,5
171,268,0.0,0.0,0.0,19673,6
67,329,0.0,0.0,0.0,11393,8
275,117,0.0,0.0,0.0,10091,7
155,219,0.0,0.0,0.0,3382,3
171,268,0.0,0.0,0.0,9708,5
275,117,0.0,0.0,0.0,6255,6
296,324,0.0,1.0,0.0,59888,5
229,299,0.0,0.0,0.0,16726,7
67,329,0.0,0.0,0.0,5963,8
301,339,0.0,1.0,0.0,59965,5
98,327,1.0,0.0,0.0,67989,5
326,115,0.0,0.0,1.0,24213,6
288,270,0.0,0.0,0.0,3724,1
314,61,0.0,0.0,0.0,1127,1
288,270,0.0,0.0,0.0,4249,1
288,270,0.0,0.0,0.0,8688,1
298,133,0.0,0.0,0.0,5596,2
314,61,0.0,0.0,0.0,4033,3
197,337,1.0,0.0,0.0,29642,1
288,270,0.0,0.0,0.0,13209,2
314,61,0.0,0.0,0.0,4310,4
298,133,0.0,0.0,0.0,9705,4
314,61,0.0,0.0,0.0,1061,1
197,337,1.0,0.0,0.0,27899,1
288,270,0.0,0.0,0.0,12680,3
298,133,0.0,0.0,0.0,9337,4
191,194,0.0,0.0,0.0,9938,4
314,61,0.0,0.0,0.0,3442,3
197,337,1.0,0.0,0.0,33184,2
288,270,0.0,0.0,0.0,14580,4
93,71,0.0,0.0,0.0,1245,4
191,194,0.0,0.0,0.0,7740,5
298,133,0.0,0.0,0.0,9231,4
298,133,0.0,0.0,0.0,2805,2
314,61,0.0,0.0,0.0,3265,4
197,337,1.0,0.0,0.0,30901,2
148,162,0.0,0.0,0.0,3791,3
288,270,0.0,0.0,0.0,11135,2
191,194,0.0,0.0,0.0,7245,3
93,71,0.0,0.0,0.0,1211,4
197,337,1.0,0.0,0.0,35233,1
314,61,0.0,0.0,0.0,2284,2
288,270,0.0,0.0,0.0,18490,2
191,194,0.0,0.0,0.0,8193,6
252,122,0.0,0.0,0.0,9155,5
148,162,0.0,0.0,0.0,8221,6
93,71,0.0,0.0,0.0,3544,7
298,133,0.0,0.0,0.0,11332,7
325,89,0.0,0.0,0.0,1669,1
252,122,0.0,0.0,0.0,2039,3
197,337,1.0,0.0,0.0,34889,2
148,162,0.0,0.0,0.0,2048,3
298,133,0.0,0.0,0.0,7286,5
191,194,0.0,0.0,0.0,10492,5
93,71,0.0,0.0,0.0,2573,6
288,270,0.0,0.0,0.0,14141,5
314,61,0.0,0.0,0.0,7285,6
312,89,0.0,0.0,0.0,1496,1
222,124,0.0,0.0,1.0,4151,1
222,124,0.0,0.0,1.0,3368,1
116,257,0.0,0.0,0.0,1564,1
332,195,0.0,0.0,0.0,3570,1
332,195,0.0,0.0,0.0,3786,1
157,143,0.0,0.0,0.0,1489,1
157,143,0.0,0.0,0.0,1270,1
332,195,0.0,0.0,0.0,4425,2
295,124,0.0,1.0,0.0,13130,2
301,92,0.0,0.0,0.0,3055,2
243,292,0.0,0.0,0.0,12044,6
301,92,0.0,0.0,0.0,3400,3
235,283,0.0,0.0,0.0,10869,6
295,124,0.0,1.0,0.0,30403,5
332,195,0.0,0.0,0.0,12470,4
157,143,0.0,0.0,0.0,6439,5
243,292,0.0,0.0,0.0,16624,2
50,335,0.0,0.0,0.0,7432,4
301,92,0.0,0.0,0.0,12306,4
243,292,0.0,0.0,0.0,8248,3
50,335,0.0,0.0,0.0,2460,3
328,333,0.0,0.0,0.0,14344,3
301,92,0.0,0.0,0.0,5498,3
50,335,0.0,0.0,0.0,1099,1
301,92,0.0,0.0,0.0,1632,1
269,203,0.0,0.0,0.0,3016,1
243,292,0.0,0.0,0.0,7057,3
328,333,0.0,0.0,0.0,13114,2
230,142,0.0,0.0,0.0,7254,3
301,92,0.0,0.0,0.0,3002,1
214,50,0.0,0.0,0.0,1478,2
50,335,0.0,0.0,0.0,863,1
230,142,0.0,0.0,0.0,1492,1
243,292,0.0,0.0,0.0,5429,3
269,203,0.0,0.0,0.0,6668,5
328,333,0.0,0.0,0.0,27795,4
344,303,0.0,0.0,0.0,19545,5
214,50,0.0,0.0,0.0,1683,4
230,142,0.0,0.0,0.0,3946,4
284,181,0.0,0.0,0.0,21487,7
75,312,0.0,0.0,0.0,13150,4
216,180,0.0,0.0,0.0,9744,6
269,203,0.0,0.0,0.0,9858,9
67,124,0.0,0.0,0.0,2400,4
284,181,0.0,0.0,0.0,22346,8
344,303,0.0,0.0,0.0,54907,6
243,292,0.0,0.0,0.0,27233,9
50,335,0.0,0.0,0.0,5512,10
214,50,0.0,0.0,0.0,3477,10
332,321,0.0,0.0,0.0,37146,9
75,312,0.0,0.0,0.0,15397,9
301,92,0.0,0.0,0.0,15277,9
230,142,0.0,0.0,0.0,14410,10
328,333,0.0,0.0,0.0,46840,11
216,180,0.0,0.0,0.0,18514,5
75,312,0.0,0.0,0.0,11053,7
131,109,0.0,0.0,0.0,7811,6
128,153,0.0,0.0,0.0,9837,5
75,312,0.0,0.0,0.0,7955,7
131,109,0.0,0.0,0.0,4944,6
216,180,0.0,0.0,0.0,6181,7
214,66,0.0,0.0,0.0,4826,6
328,333,0.0,0.0,0.0,33886,6
243,292,0.0,0.0,0.0,28819,6
269,203,0.0,0.0,0.0,14889,11
50,335,0.0,0.0,0.0,5637,7
301,92,0.0,0.0,0.0,8970,11
131,109,0.0,0.0,0.0,8330,12
344,303,0.0,0.0,0.0,30957,9
75,312,0.0,0.0,0.0,13500,9
128,153,0.0,0.0,0.0,13455,9
67,124,0.0,0.0,0.0,10988,11
137,82,0.0,0.0,0.0,11817,11
216,180,0.0,0.0,0.0,18228,10
254,213,0.0,0.0,0.0,3596,2
137,82,0.0,0.0,0.0,1110,3
131,109,0.0,0.0,0.0,1614,2
216,180,0.0,0.0,0.0,4471,4
128,153,0.0,0.0,0.0,3295,3
75,312,0.0,0.0,0.0,3672,3
174,184,0.0,0.0,0.0,1740,1
217,226,0.0,1.0,0.0,10275,1
174,184,0.0,0.0,0.0,1722,1
56,125,0.0,0.0,0.0,326,1
174,184,0.0,0.0,0.0,1938,1
217,226,0.0,1.0,0.0,10175,1
174,184,0.0,0.0,0.0,1604,1
56,125,0.0,0.0,0.0,374,1
217,226,0.0,1.0,0.0,13159,1
123,347,0.0,0.0,0.0,4655,2
174,184,0.0,0.0,0.0,3325,2
56,125,0.0,0.0,0.0,805,2
123,347,0.0,0.0,0.0,4456,2
217,226,0.0,1.0,0.0,13258,2
78,252,0.0,0.0,1.0,13732,2
174,184,0.0,0.0,0.0,2622,2
78,252,0.0,0.0,1.0,9882,5
143,206,0.0,0.0,0.0,7100,4
123,347,0.0,0.0,0.0,10014,4
56,125,0.0,0.0,0.0,3322,5
217,226,0.0,1.0,0.0,13086,5
257,125,0.0,0.0,0.0,1615,1
276,111,0.0,0.0,0.0,1965,2
257,125,0.0,0.0,0.0,2351,2
120,58,0.0,1.0,0.0,3871,1
261,311,0.0,0.0,0.0,5745,2
120,58,0.0,1.0,0.0,8011,2
261,311,0.0,0.0,0.0,5903,2
230,246,0.0,0.0,0.0,5158,2
120,58,0.0,1.0,0.0,4028,1
120,58,0.0,1.0,0.0,6933,4
261,311,0.0,0.0,0.0,16889,3
230,246,0.0,0.0,0.0,9256,4
253,135,0.0,1.0,0.0,20368,4
65,306,0.0,0.0,0.0,1076,1
344,146,0.0,0.0,0.0,3654,2
65,306,0.0,0.0,0.0,3438,2
221,308,0.0,0.0,1.0,11066,3
344,146,0.0,0.0,0.0,13010,2
65,306,0.0,0.0,0.0,5885,3
221,308,0.0,0.0,1.0,15786,1
344,146,0.0,0.0,0.0,11481,3
121,133,0.0,0.0,0.0,2588,3
65,306,0.0,0.0,0.0,8443,3
65,306,0.0,0.0,0.0,1207,1
221,308,0.0,0.0,1.0,12281,3
121,133,0.0,0.0,0.0,5665,4
94,198,0.0,0.0,0.0,6780,4
344,146,0.0,0.0,0.0,8776,4
344,146,0.0,0.0,0.0,4586,2
65,306,0.0,0.0,0.0,4239,2
121,133,0.0,0.0,0.0,967,1
221,308,0.0,0.0,1.0,11029,2
232,89,0.0,0.0,0.0,2750,3
94,198,0.0,0.0,0.0,3305,3
80,189,0.0,0.0,0.0,863,1
189,239,0.0,0.0,0.0,2340,2
66,129,0.0,0.0,0.0,383,2
189,239,0.0,0.0,0.0,2100,1
210,66,0.0,0.0,0.0,725,1
239,302,0.0,0.0,0.0,5541,2
66,129,0.0,0.0,0.0,2048,3
148,151,0.0,0.0,0.0,3533,4
315,107,0.0,0.0,0.0,3320,2
315,107,0.0,0.0,0.0,2076,1
210,66,0.0,0.0,0.0,815,2
189,239,0.0,0.0,0.0,2632,2
295,164,0.0,0.0,0.0,4308,2
210,66,0.0,0.0,0.0,1307,2
213,242,0.0,0.0,0.0,4238,2
148,151,0.0,0.0,0.0,1304,2
315,107,0.0,0.0,0.0,1943,2
278,257,1.0,0.0,0.0,34302,1
189,239,0.0,0.0,0.0,8378,5
130,104,0.0,0.0,0.0,1603,3
210,66,0.0,0.0,0.0,1828,3
213,242,0.0,0.0,0.0,13195,3
148,151,0.0,0.0,0.0,5679,5
295,164,0.0,0.0,0.0,9981,5
278,257,1.0,0.0,0.0,27598,1
210,66,0.0,0.0,0.0,1883,3
213,242,0.0,0.0,0.0,8886,5
148,151,0.0,0.0,0.0,5981,4
215,148,0.0,0.0,0.0,6281,4
148,151,0.0,0.0,0.0,2873,3
278,257,1.0,0.0,0.0,36642,2
335,338,0.0,0.0,0.0,20712,3
215,148,0.0,0.0,0.0,3579,5
213,242,0.0,0.0,0.0,12503,4
210,66,0.0,0.0,0.0,2999,5
259,124,0.0,0.0,0.0,1727,1
130,237,0.0,0.0,0.0,1471,1
259,124,0.0,0.0,0.0,3217,3
217,185,0.0,0.0,1.0,19102,6
341,126,0.0,1.0,0.0,41556,12
50,113,1.0,0.0,0.0,78214,6
231,263,0.0,0.0,0.0,24939,7
217,50,0.0,0.0,0.0,5122,7
130,237,0.0,0.0,0.0,12521,6
145,184,0.0,0.0,0.0,11127,7
336,97,0.0,0.0,0.0,23716,12
217,50,0.0,0.0,0.0,4517,6
108,51,0.0,0.0,0.0,3367,8
259,124,0.0,0.0,0.0,14781,14
114,90,1.0,0.0,0.0,68257,13
145,184,0.0,0.0,0.0,17484,12
217,185,0.0,0.0,1.0,57029,10
130,237,0.0,0.0,0.0,15567,13
94,180,0.0,0.0,0.0,13181,13
231,263,0.0,0.0,0.0,29307,14
217,50,0.0,0.0,0.0,10822,13
295,282,0.0,0.0,0.0,29415,15
108,51,0.0,0.0,0.0,5707,12
69,143,0.0,0.0,0.0,5098,11
341,126,0.0,1.0,0.0,67780,15
108,51,0.0,0.0,0.0,3636,8
94,180,0.0,0.0,0.0,11536,10
244,82,0.0,0.0,0.0,16925,8
217,50,0.0,0.0,0.0,8466,8
249,281,1.0,0.0,0.0,114109,10
94,180,0.0,0.0,0.0,7028,8
244,82,0.0,0.0,0.0,8203,7
217,50,0.0,0.0,0.0,5422,8
108,51,0.0,0.0,0.0,2273,7
50,113,1.0,0.0,0.0,43396,11
104,226,0.0,0.0,0.0,8582,8
114,90,1.0,0.0,0.0,68818,7
130,237,0.0,0.0,0.0,13059,7
217,185,0.0,0.0,1.0,40109,12
103,88,0.0,1.0,0.0,42185,12
69,143,0.0,0.0,0.0,4159,6
341,126,0.0,1.0,0.0,92982,14
272,149,0.0,0.0,0.0,23670,10
104,226,0.0,0.0,0.0,15222,9
207,178,0.0,0.0,0.0,17565,9
50,113,1.0,0.0,0.0,91284,16
114,90,1.0,0.0,0.0,97853,8
130,237,0.0,0.0,0.0,12387,8
103,88,0.0,1.0,0.0,40725,13
308,191,0.0,0.0,1.0,68779,13
217,185,0.0,0.0,1.0,62119,13
217,50,0.0,0.0,0.0,6993,9
94,180,0.0,0.0,0.0,14895,12
249,281,1.0,0.0,0.0,140858,11
108,51,0.0,0.0,0.0,8280,11
244,82,0.0,0.0,0.0,12516,11
307,120,0.0,0.0,0.0,30025,15
69,143,0.0,0.0,0.0,8686,9
337,301,0.0,0.0,0.0,47082,10
341,126,0.0,1.0,0.0,73991,11
272,149,0.0,0.0,0.0,15953,11
207,178,0.0,0.0,0.0,16591,11
102,64,0.0,0.0,0.0,4768,10
50,113,1.0,0.0,0.0,42337,8
104,226,0.0,0.0,0.0,15744,9
207,178,0.0,0.0,0.0,10112,6
50,113,1.0,0.0,0.0,50145,8
100,92,0.0,0.0,0.0,6716,7
102,64,0.0,0.0,0.0,6049,7
104,226,0.0,0.0,0.0,9077,7
69,143,0.0,0.0,0.0,1747,4
341,126,0.0,1.0,0.0,85067,5
272,149,0.0,0.0,0.0,28227,5
337,301,0.0,0.0,0.0,43548,12
59,288,0.0,0.0,0.0,21618,6
100,92,0.0,0.0,0.0,1631,5
104,226,0.0,0.0,0.0,9539,10
50,113,1.0,0.0,0.0,45233,6
102,64,0.0,0.0,0.0,2753,6
94,180,0.0,0.0,0.0,9806,12
249,281,1.0,0.0,0.0,107606,11
84,58,0.0,0.0,0.0,3341,10
132,217,0.0,0.0,0.0,12769,11
217,50,0.0,0.0,0.0,6652,12
207,178,0.0,0.0,0.0,18544,11
108,51,0.0,0.0,0.0,1919,10
307,120,0.0,0.0,0.0,14217,9
244,82,0.0,0.0,0.0,11134,8
50,113,1.0,0.0,0.0,32459,4
341,126,0.0,1.0,0.0,81218,5
84,58,0.0,0.0,0.0,935,4
102,64,0.0,0.0,0.0,1420,5
102,211,0.0,0.0,0.0,4286,9
104,226,0.0,0.0,0.0,10733,9
100,92,0.0,0.0,0.0,3938,10
59,288,0.0,0.0,0.0,10365,11
239,55,0.0,0.0,0.0,5701,12
337,301,0.0,0.0,0.0,46740,14
207,178,0.0,0.0,0.0,12590,10
272,149,0.0,0.0,0.0,12842,9
69,143,0.0,0.0,0.0,5924,10
221,106,1.0,0.0,0.0,62198,4
84,58,0.0,0.0,0.0,5843,6
50,113,1.0,0.0,0.0,48716,6
207,178,0.0,0.0,0.0,24404,6
102,211,0.0,0.0,0.0,18776,8
102,64,0.0,0.0,0.0,7377,10
104,226,0.0,0.0,0.0,17957,9
100,92,0.0,0.0,0.0,8285,10
217,185,0.0,0.0,0.0,2282,1
249,332,0.0,0.0,1.0,12072,1
217,185,0.0,0.0,0.0,4191,2
249,332,0.0,0.0,1.0,15659,2
143,151,0.0,0.0,0.0,6397,4
112,188,0.0,0.0,0.0,9065,4
217,185,0.0,0.0,0.0,10366,4
112,188,0.0,0.0,0.0,1976,2
249,332,0.0,0.0,1.0,15792,3
217,185,0.0,0.0,0.0,3576,2
94,187,1.0,0.0,0.0,17636,2
217,185,0.0,0.0,0.0,2199,2
94,187,1.0,0.0,0.0,17605,3
106,179,0.0,0.0,0.0,1847,2
112,188,0.0,0.0,0.0,1922,2
249,332,0.0,0.0,1.0,14976,2
112,188,0.0,0.0,0.0,1271,3
217,185,0.0,0.0,0.0,5537,4
106,179,0.0,0.0,0.0,2349,4
94,187,1.0,0.0,0.0,34868,4
249,332,0.0,0.0,1.0,24930,4
239,335,0.0,0.0,0.0,25864,3
112,188,0.0,0.0,0.0,1406,1
249,332,0.0,0.0,1.0,11786,6
106,179,0.0,0.0,0.0,7336,6
317,64,0.0,0.0,0.0,8190,6
239,335,0.0,0.0,0.0,15855,5
217,185,0.0,0.0,0.0,8811,6
94,187,1.0,0.0,0.0,22820,6
249,332,0.0,0.0,1.0,16206,6
112,188,0.0,0.0,0.0,10085,8
217,185,0.0,0.0,0.0,17434,6
317,64,0.0,0.0,0.0,10607,8
239,335,0.0,0.0,0.0,20514,7
127,277,1.0,0.0,0.0,44741,6
94,187,1.0,0.0,0.0,32859,7
106,179,0.0,0.0,0.0,6525,8
249,332,0.0,0.0,1.0,22633,5
94,187,1.0,0.0,0.0,41915,3
85,112,0.0,0.0,0.0,1368,4
112,188,0.0,0.0,0.0,2912,5
317,64,0.0,0.0,0.0,13632,7
239,335,0.0,0.0,0.0,22562,5
217,185,0.0,0.0,0.0,15308,6
106,179,0.0,0.0,0.0,11178,7
127,277,1.0,0.0,0.0,41662,7
193,168,0.0,0.0,0.0,3138,4
159,265,0.0,0.0,0.0,8621,8
229,133,0.0,1.0,0.0,66779,18
161,96,0.0,0.0,1.0,10701,11
332,169,0.0,0.0,0.0,19488,14
62,196,0.0,0.0,0.0,7695,10
232,205,0.0,0.0,0.0,38342,15
257,345,1.0,0.0,0.0,267687,18
255,159,1.0,0.0,0.0,311373,30
183,137,0.0,1.0,0.0,69484,22
193,168,0.0,0.0,0.0,16987,15
62,196,0.0,0.0,0.0,7485,12
161,96,0.0,0.0,1.0,36878,17
76,341,0.0,0.0,0.0,17511,14
159,265,0.0,0.0,0.0,18560,14
330,81,0.0,0.0,0.0,31260,20
213,287,0.0,0.0,0.0,31726,19
284,177,0.0,0.0,0.0,48491,24
332,169,0.0,0.0,0.0,56632,23
217,234,1.0,0.0,0.0,349648,30
76,341,0.0,0.0,0.0,34299,22
204,144,1.0,0.0,0.0,214892,23
159,265,0.0,0.0,0.0,41982,23
232,205,0.0,0.0,0.0,41432,24
332,132,0.0,0.0,0.0,44120,22
311,194,0.0,0.0,0.0,66027,24
62,196,0.0,0.0,0.0,14417,17
330,81,0.0,0.0,0.0,23582,21
338,163,0.0,0.0,0.0,47707,24
213,287,0.0,0.0,0.0,45355,24
201,147,1.0,0.0,0.0,265663,34
125,218,1.0,0.0,0.0,193246,24
161,96,0.0,0.0,1.0,45432,26
228,277,0.0,0.0,0.0,56492,25
284,177,0.0,0.0,0.0,46489,23
229,133,0.0,1.0,0.0,80972,22
183,137,0.0,1.0,0.0,129610,23
232,205,0.0,0.0,0.0,36662,20
330,81,0.0,0.0,0.0,27387,20
93,93,0.0,0.0,0.0,8786,18
332,132,0.0,0.0,0.0,48328,19
146,294,0.0,0.0,0.0,39335,20
62,196,0.0,0.0,0.0,11573,19
338,163,0.0,0.0,0.0,51993,22
135,174,0.0,0.0,0.0,15675,17
311,194,0.0,0.0,0.0,44507,21
213,287,0.0,0.0,0.0,63955,24
146,294,0.0,0.0,0.0,70923,22
332,132,0.0,0.0,0.0,37611,17
232,205,0.0,0.0,0.0,51203,18
311,280,0.0,0.0,0.0,112125,22
62,196,0.0,0.0,0.0,19088,16
114,285,0.0,0.0,0.0,76142,22
93,93,0.0,0.0,0.0,12958,17
338,163,0.0,0.0,0.0,90395,24
330,81,0.0,0.0,0.0,57678,24
213,287,0.0,0.0,0.0,74373,24
311,194,0.0,0.0,0.0,115993,32
258,142,0.0,0.0,0.0,55100,18
135,174,0.0,0.0,0.0,45486,18
228,277,0.0,0.0,0.0,94711,35
183,137,0.0,1.0,0.0,156816,34
82,107,1.0,0.0,0.0,245874,37
159,265,0.0,0.0,0.0,74665,30
204,144,1.0,0.0,0.0,264805,32
76,341,0.0,0.0,0.0,73635,29
161,96,0.0,0.0,1.0,84379,31
330,81,0.0,0.0,0.0,55319,25
62,196,0.0,0.0,0.0,17530,27
167,265,0.0,0.0,0.0,73085,30
149,140,0.0,0.0,0.0,50228,25
114,285,0.0,0.0,0.0,52976,27
311,280,0.0,0.0,0.0,126589,29
146,294,0.0,0.0,0.0,69110,33
335,300,0.0,0.0,0.0,124044,30
125,218,1.0,0.0,0.0,257536,39
284,177,0.0,0.0,0.0,83670,36
338,163,0.0,0.0,0.0,118510,33
232,205,0.0,0.0,0.0,85102,35
324,330,0.0,0.0,0.0,160932,40
93,93,0.0,0.0,0.0,21552,26
332,132,0.0,0.0,0.0,91474,36
149,165,0.0,0.0,0.0,42096,31
193,168,0.0,0.0,0.0,56536,29
213,287,0.0,0.0,0.0,74499,29
255,159,1.0,0.0,0.0,345580,45
258,142,0.0,0.0,0.0,55166,30
311,194,0.0,0.0,0.0,71661,31
135,174,0.0,0.0,0.0,34708,26
324,269,0.0,0.0,0.0,102958,36
92,286,0.0,0.0,0.0,61201,30
229,133,0.0,1.0,0.0,166786,35
201,147,1.0,0.0,0.0,253031,45
103,278,1.0,0.0,0.0,440090,25
217,234,1.0,0.0,0.0,359310,39
332,169,0.0,0.0,0.0,51366,28
93,93,0.0,0.0,0.0,11582,20
335,300,0.0,0.0,0.0,108860,25
62,196,0.0,0.0,0.0,11159,20
87,99,0.0,0.0,0.0,8682,19
330,81,0.0,0.0,0.0,31244,24
114,285,0.0,0.0,0.0,68704,25
338,163,0.0,0.0,0.0,66390,26
258,142,0.0,0.0,0.0,56094,25
311,194,0.0,0.0,0.0,92707,27
213,287,0.0,0.0,0.0,122478,33
92,286,0.0,0.0,0.0,39013,26
135,174,0.0,0.0,0.0,32954,25
92,312,0.0,0.0,0.0,67124,30
146,294,0.0,0.0,0.0,69042,27
232,205,0.0,0.0,0.0,73749,29
174,69,0.0,0.0,0.0,20947,23
311,280,0.0,0.0,0.0,134197,42
324,330,0.0,0.0,0.0,190338,31
332,132,0.0,0.0,0.0,83009,33
213,261,0.0,0.0,0.0,91223,39
82,107,1.0,0.0,0.0,238089,40
183,137,0.0,1.0,0.0,217454,42
228,277,0.0,0.0,0.0,75929,41
62,196,0.0,0.0,0.0,20609,22
93,93,0.0,0.0,0.0,6477,22
335,300,0.0,0.0,0.0,138360,28
338,163,0.0,0.0,0.0,78314,33
309,117,0.0,0.0,1.0,129451,27
330,81,0.0,0.0,0.0,37562,38
87,99,0.0,0.0,0.0,8030,22
114,285,0.0,0.0,0.0,40282,37
159,265,0.0,0.0,0.0,67095,32
76,341,0.0,0.0,0.0,44879,34
161,96,0.0,0.0,1.0,78444,28
284,177,0.0,0.0,0.0,103287,26
125,218,1.0,0.0,0.0,410173,35
204,144,1.0,0.0,0.0,407326,38
92,286,0.0,0.0,0.0,62074,29
283,318,0.0,0.0,0.0,170298,44
149,140,0.0,0.0,0.0,42070,31
349,219,0.0,0.0,0.0,109457,31
134,120,0.0,0.0,0.0,33334,32
258,142,0.0,0.0,0.0,74707,30
167,265,0.0,0.0,0.0,85220,30
213,287,0.0,0.0,0.0,125864,44
135,174,0.0,0.0,0.0,50827,32
311,194,0.0,0.0,0.0,121685,45
92,312,0.0,0.0,0.0,53985,32
332,132,0.0,0.0,0.0,66990,35
189,125,0.0,0.0,0.0,25571,29
324,330,0.0,0.0,0.0,181709,25
232,205,0.0,0.0,0.0,83226,33
311,280,0.0,0.0,0.0,135666,26
93,93,0.0,0.0,0.0,18435,26
338,163,0.0,0.0,0.0,107070,30
213,108,0.0,0.0,0.0,39615,32
146,294,0.0,0.0,0.0,80962,35
174,69,0.0,0.0,0.0,22367,28
62,196,0.0,0.0,0.0,22769,28
330,81,0.0,0.0,0.0,52051,37
335,300,0.0,0.0,0.0,162126,30
114,285,0.0,0.0,0.0,60858,37
309,117,0.0,0.0,1.0,171891,43
87,99,0.0,0.0,0.0,18033,28
263,345,0.0,0.0,0.0,114291,30
135,174,0.0,0.0,0.0,53177,34
227,143,0.0,0.0,1.0,115792,29
213,287,0.0,0.0,0.0,89688,29
149,165,0.0,0.0,0.0,54849,34
92,312,0.0,0.0,0.0,55611,34
311,194,0.0,0.0,0.0,119182,31
349,219,0.0,0.0,0.0,120821,30
258,142,0.0,0.0,0.0,66820,33
255,159,1.0,0.0,0.0,354165,41
193,168,0.0,0.0,0.0,48859,32
92,286,0.0,0.0,0.0,33891,29
213,261,0.0,0.0,0.0,80091,26
183,137,0.0,1.0,0.0,207903,35
69,256,0.0,0.0,0.0,34344,25
82,107,1.0,0.0,0.0,192965,41
228,277,0.0,0.0,0.0,74405,23
93,237,1.0,0.0,0.0,250073,23
227,143,0.0,0.0,1.0,101530,26
311,194,0.0,0.0,0.0,53534,34
262,107,0.0,1.0,0.0,212021,25
92,312,0.0,0.0,0.0,42513,36
103,278,1.0,0.0,0.0,338526,24
135,174,0.0,0.0,0.0,21240,28
349,219,0.0,0.0,0.0,114578,25
217,234,1.0,0.0,0.0,301701,24
332,169,0.0,0.0,0.0,112808,25
92,286,0.0,0.0,0.0,28292,33
258,142,0.0,0.0,0.0,55772,35
213,287,0.0,0.0,0.0,102493,29
232,205,0.0,0.0,0.0,67349,32
189,125,0.0,0.0,0.0,38934,36
146,294,0.0,0.0,0.0,79191,32
311,280,0.0,0.0,0.0,134296,43
332,132,0.0,0.0,0.0,103796,30
174,69,0.0,0.0,0.0,45429,35
93,93,0.0,0.0,0.0,26805,36
309,117,0.0,0.0,1.0,148838,44
62,94,0.0,1.0,0.0,153313,44
324,330,0.0,0.0,0.0,217724,39
213,108,0.0,0.0,0.0,67986,33
286,262,1.0,0.0,0.0,384527,40
338,163,0.0,0.0,0.0,127011,46
335,300,0.0,0.0,0.0,197440,40
330,81,0.0,0.0,0.0,80292,32
62,196,0.0,0.0,0.0,31471,33
87,99,0.0,0.0,0.0,26769,34
114,285,0.0,0.0,0.0,83953,38
69,256,0.0,0.0,0.0,18515,30
82,93,0.0,0.0,0.0,9565,25
213,261,0.0,0.0,0.0,76373,27
183,137,0.0,1.0,0.0,159057,26
204,144,1.0,0.0,0.0,270685,23
159,265,0.0,0.0,0.0,63240,27
149,140,0.0,0.0,0.0,22656,30
82,107,1.0,0.0,0.0,190234,28
228,277,0.0,0.0,0.0,98617,26
283,318,0.0,0.0,0.0,136414,28
161,96,0.0,0.0,1.0,70248,28
76,341,0.0,0.0,0.0,56488,29
134,120,0.0,0.0,0.0,31542,29
284,177,0.0,0.0,0.0,92248,28
160,135,1.0,0.0,0.0,290212,38
167,265,0.0,0.0,0.0,70184,29
71,79,0.0,1.0,0.0,110848,33
125,218,1.0,0.0,0.0,274264,37
189,320,0.0,0.0,0.0,64242,17
244,136,0.0,1.0,0.0,150930,17
125,109,0.0,0.0,0.0,11805,16
233,180,0.0,0.0,0.0,33327,18
125,109,0.0,0.0,0.0,20131,16
338,180,0.0,0.0,0.0,59268,16
233,180,0.0,0.0,0.0,46063,16
116,179,1.0,0.0,0.0,167175,26
244,257,1.0,0.0,0.0,232945,19
189,320,0.0,0.0,0.0,58935,14
338,180,0.0,0.0,0.0,57856,11
125,109,0.0,0.0,0.0,18168,12
293,289,0.0,0.0,0.0,78935,18
244,136,0.0,1.0,0.0,126573,16
159,265,0.0,0.0,0.0,40259,15
71,337,0.0,0.0,0.0,35303,16
149,140,0.0,0.0,0.0,13786,15
82,93,0.0,0.0,0.0,4353,13
283,318,0.0,0.0,0.0,77769,21
204,144,1.0,0.0,0.0,166433,16
138,222,0.0,0.0,0.0,25394,15
76,341,0.0,0.0,0.0,28791,17
87,177,0.0,0.0,0.0,11821,15
125,109,0.0,0.0,0.0,8252,14
293,289,0.0,0.0,0.0,54965,21
338,180,0.0,0.0,0.0,43578,21
326,50,0.0,0.0,0.0,20667,18
183,137,0.0,1.0,0.0,120266,20
213,261,0.0,0.0,0.0,39875,17
160,135,1.0,0.0,0.0,158741,13
69,256,0.0,0.0,0.0,11775,14
82,107,1.0,0.0,0.0,138387,16
228,277,0.0,0.0,0.0,41921,18
116,179,1.0,0.0,0.0,132634,13
338,87,0.0,0.0,0.0,27455,15
233,180,0.0,0.0,0.0,39231,18
87,177,0.0,0.0,0.0,12683,13
293,289,0.0,0.0,0.0,56228,14
125,109,0.0,0.0,0.0,13710,12
282,301,0.0,0.0,0.0,83913,13
338,180,0.0,0.0,0.0,70693,15
189,320,0.0,0.0,0.0,47932,10
74,229,0.0,0.0,0.0,27380,11
244,257,1.0,0.0,0.0,96096,14
116,179,1.0,0.0,0.0,30013,2
212,205,0.0,0.0,0.0,9648,5
233,180,0.0,0.0,0.0,10448,5
338,87,0.0,0.0,0.0,10299,5
317,112,0.0,0.0,0.0,11007,5
116,179,1.0,0.0,0.0,48850,5
212,205,0.0,0.0,0.0,13263,5
338,87,0.0,0.0,0.0,9598,6
233,180,0.0,0.0,0.0,10605,6
74,229,0.0,0.0,0.0,2894,4
189,320,0.0,0.0,0.0,8859,5
244,257,1.0,0.0,0.0,68934,5
90,168,1.0,0.0,0.0,50211,9
212,205,0.0,0.0,0.0,22853,8
268,104,1.0,0.0,0.0,77718,6
338,87,0.0,0.0,0.0,21239,8
233,180,0.0,0.0,0.0,26501,8
116,179,1.0,0.0,0.0,65561,9
317,112,0.0,0.0,0.0,22876,8
90,168,1.0,0.0,0.0,50287,4
189,320,0.0,0.0,0.0,16848,7
74,229,0.0,0.0,0.0,11587,7
84,132,0.0,0.0,0.0,8067,7
244,257,1.0,0.0,0.0,51186,7
316,243,0.0,0.0,0.0,5933,4
244,64,0.0,0.0,0.0,4774,5
258,50,1.0,0.0,0.0,61425,8
278,268,0.0,0.0,0.0,12326,8
346,305,1.0,0.0,0.0,172562,11
237,256,0.0,0.0,0.0,17631,8
138,202,0.0,0.0,0.0,7694,6
316,243,0.0,0.0,0.0,26310,9
244,64,0.0,0.0,0.0,6264,7
278,268,0.0,0.0,0.0,27750,12
223,313,0.0,1.0,0.0,72263,10
178,334,0.0,0.0,0.0,33119,9
244,64,0.0,0.0,0.0,11317,9
237,256,0.0,0.0,0.0,34833,8
316,243,0.0,0.0,0.0,36416,10
138,202,0.0,0.0,0.0,13718,10
175,123,0.0,0.0,0.0,11244,8
234,109,0.0,0.0,0.0,8436,5
258,50,1.0,0.0,0.0,87269,7
209,75,0.0,0.0,0.0,7111,7
244,64,0.0,0.0,0.0,8378,7
237,256,0.0,0.0,0.0,19256,6
178,334,0.0,0.0,0.0,14623,6
278,268,0.0,0.0,0.0,24824,8
178,334,0.0,0.0,0.0,37849,8
223,313,0.0,1.0,0.0,122998,8
203,328,0.0,1.0,0.0,87253,13
65,266,0.0,0.0,1.0,44507,8
244,64,0.0,0.0,0.0,8734,10
237,256,0.0,0.0,0.0,46767,9
209,75,0.0,0.0,0.0,10446,10
209,75,0.0,0.0,0.0,8863,9
328,143,0.0,1.0,0.0,74573,7
65,266,0.0,0.0,1.0,44587,10
53,319,0.0,0.0,0.0,12351,12
258,50,1.0,0.0,0.0,88482,14
244,64,0.0,0.0,0.0,9494,11
178,334,0.0,0.0,0.0,29502,11
237,256,0.0,0.0,0.0,45102,11
234,109,0.0,0.0,0.0,16088,12
346,305,1.0,0.0,0.0,176511,12
272,280,0.0,0.0,0.0,37834,10
209,75,0.0,0.0,0.0,4857,3
178,334,0.0,0.0,0.0,22280,7
244,64,0.0,0.0,0.0,5483,8
107,301,0.0,0.0,0.0,15228,8
237,256,0.0,0.0,0.0,20735,10
328,143,0.0,1.0,0.0,49424,8
65,266,0.0,0.0,1.0,24533,10
53,319,0.0,0.0,0.0,10124,8
234,109,0.0,0.0,0.0,8372,8
147,115,0.0,0.0,0.0,4399,7
258,50,1.0,0.0,0.0,50791,13
328,143,0.0,1.0,0.0,65704,6
65,266,0.0,0.0,1.0,49779,6
178,334,0.0,0.0,0.0,34195,12
237,256,0.0,0.0,0.0,48935,7
209,75,0.0,0.0,0.0,14236,10
295,141,0.0,0.0,0.0,40250,13
107,301,0.0,0.0,0.0,26677,14
244,64,0.0,0.0,0.0,15763,12
234,109,0.0,0.0,0.0,27986,12
258,50,1.0,0.0,0.0,64952,12
53,319,0.0,0.0,0.0,25548,11
147,115,0.0,0.0,0.0,22627,11
184,84,0.0,0.0,0.0,19170,12
113,124,1.0,0.0,0.0,39617,8
346,305,1.0,0.0,0.0,83615,4
272,280,0.0,0.0,0.0,16995,4
234,109,0.0,0.0,0.0,9722,7
184,84,0.0,0.0,0.0,7196,8
53,319,0.0,0.0,0.0,7521,8
147,115,0.0,0.0,0.0,7107,8
230,192,0.0,0.0,0.0,8816,7
258,50,1.0,0.0,0.0,27836,6
261,162,0.0,0.0,0.0,3497,3
346,305,1.0,0.0,0.0,42324,2
272,280,0.0,0.0,0.0,10996,4
113,124,1.0,0.0,0.0,20723,3
113,124,1.0,0.0,0.0,20365,3
346,305,1.0,0.0,0.0,40037,2
189,115,0.0,0.0,0.0,8963,5
261,162,0.0,0.0,0.0,15236,5
272,280,0.0,0.0,0.0,18367,5
144,147,0.0,1.0,0.0,11493,5
346,305,1.0,0.0,0.0,53666,2
272,280,0.0,0.0,0.0,20739,4
261,162,0.0,0.0,0.0,11892,6
113,124,1.0,0.0,0.0,32572,5
189,115,0.0,0.0,0.0,5241,5
346,305,1.0,0.0,0.0,55048,1
189,115,0.0,0.0,0.0,2070,4
272,280,0.0,0.0,0.0,11557,6
261,162,0.0,0.0,0.0,10878,6
144,147,0.0,1.0,0.0,21175,5
151,53,0.0,0.0,0.0,1877,6
113,124,1.0,0.0,0.0,26527,4
